Model,Dataset,Artifact,Base_F1,Base_F1_Std,Art_F1,Art_F1_Std,Prec_Art,Rec_Art,RPD,Robustness_R,Robustness_R_Std,ECE_Delta,ECE_Delta_CI,PFR_Mean,PFR_Std,NFR_Mean,NFR_Std,CosSim_Mean,CosSim_Std,EucDist_Mean,Softmax_Delta
efficientnet-base,TCGA,blur,0.4437,0.0127,0.4284,0.0282,0.4599,0.5018,3.51,96.49,4.55,0.0489,"[np.float64(0.0315), np.float64(0.0668)]",7.08,0.97,2.88,0.64,0.9077,0.0016,0.0787,0.0072
efficientnet-base,TCGA,dust,0.4437,0.0127,0.4082,0.016,0.44,0.4881,8.01,91.99,1.66,0.0533,"[np.float64(0.0371), np.float64(0.0694)]",11.5,1.21,0.0,0.0,0.8976,0.004,0.0679,-0.0066
efficientnet-base,TCGA,fold,0.4437,0.0127,0.2932,0.0114,0.4016,0.4101,33.92,66.08,1.75,0.1963,"[np.float64(0.1752), np.float64(0.2178)]",33.03,1.69,1.2,0.42,0.7274,0.0043,0.1386,-0.0182
efficientnet-base,TCGA,marker,0.4437,0.0127,0.4049,0.0103,0.4438,0.4479,8.72,91.28,2.08,0.0383,"[np.float64(0.0222), np.float64(0.0543)]",14.1,1.31,0.0,0.0,0.8536,0.0031,0.0969,-0.0032
efficientnet-base,TCGA,prec,0.4437,0.0127,0.3022,0.0113,0.3805,0.3487,31.87,68.13,2.27,0.1689,"[np.float64(0.1459), np.float64(0.1912)]",32.33,1.74,5.01,0.83,0.6863,0.0046,0.1482,0.0027
efficientnet-base,TCGA,stitch,0.4437,0.0127,0.4459,0.0126,0.4622,0.5282,-0.51,100.51,0.97,-0.0064,"[np.float64(-0.0187), np.float64(0.0059)]",1.03,0.39,0.74,0.34,0.9817,0.0003,0.0351,0.0013
efficientnet-base,ANORAK,blur,0.3994,0.0197,0.3543,0.017,0.3944,0.4533,11.18,88.82,4.38,-0.0253,"[np.float64(-0.0346), np.float64(-0.0164)]",4.13,0.74,1.19,0.26,0.9037,0.0011,0.0863,0.0155
efficientnet-base,ANORAK,dust,0.3994,0.0197,0.4118,0.0226,0.4338,0.542,-3.12,103.12,3.16,-0.0404,"[np.float64(-0.0497), np.float64(-0.0318)]",8.54,1.04,0.17,0.1,0.8906,0.0025,0.0807,0.01
efficientnet-base,ANORAK,fold,0.3994,0.0197,0.289,0.0142,0.3447,0.3847,27.54,72.46,3.83,-0.0081,"[np.float64(-0.024), np.float64(0.0053)]",18.08,1.54,1.79,0.3,0.7302,0.0027,0.1503,0.0194
efficientnet-base,ANORAK,marker,0.3994,0.0197,0.3517,0.0142,0.3705,0.4523,11.83,88.17,4.07,-0.0858,"[np.float64(-0.0975), np.float64(-0.0744)]",7.88,1.06,0.58,0.18,0.8026,0.0024,0.1279,0.0402
efficientnet-base,ANORAK,prec,0.3994,0.0197,0.2781,0.0096,0.312,0.3112,30.25,69.75,3.5,-0.05,"[np.float64(-0.0646), np.float64(-0.0351)]",21.69,1.57,3.88,0.46,0.6634,0.0031,0.168,0.0465
efficientnet-base,ANORAK,stitch,0.3994,0.0197,0.3978,0.0201,0.3992,0.5385,0.39,99.61,1.47,-0.0016,"[np.float64(-0.0068), np.float64(0.0038)]",0.31,0.23,1.48,0.3,0.9817,0.0002,0.0375,0.0001
efficientnet-base,GLOBAL,blur,0.4595,0.0095,0.426,0.0108,0.4997,0.4933,7.29,92.71,1.84,-0.0015,"[np.float64(-0.0102), np.float64(0.0069)]",5.61,0.64,1.64,0.26,0.9049,0.001,0.0839,0.0128
efficientnet-base,GLOBAL,dust,0.4595,0.0095,0.448,0.0103,0.4941,0.5135,2.5,97.5,1.25,-0.0094,"[np.float64(-0.0178), np.float64(-0.0015)]",10.0,0.83,0.13,0.08,0.8928,0.0021,0.0767,0.0047
efficientnet-base,GLOBAL,fold,0.4595,0.0095,0.333,0.0091,0.4403,0.382,27.53,72.47,1.81,0.0578,"[np.float64(0.0455), np.float64(0.0691)]",25.76,1.24,1.63,0.27,0.7294,0.0023,0.1466,0.0076
efficientnet-base,GLOBAL,marker,0.4595,0.0095,0.4425,0.0099,0.4733,0.5207,3.7,96.3,1.57,-0.0453,"[np.float64(-0.0546), np.float64(-0.0361)]",11.04,0.88,0.42,0.13,0.8186,0.0018,0.1182,0.0264
efficientnet-base,GLOBAL,prec,0.4595,0.0095,0.3429,0.0094,0.4161,0.3837,25.38,74.62,1.83,0.0204,"[np.float64(0.0072), np.float64(0.033)]",27.12,1.27,4.21,0.41,0.6707,0.0025,0.1618,0.0329
efficientnet-base,GLOBAL,stitch,0.4595,0.0095,0.4575,0.0095,0.4769,0.5469,0.44,99.56,0.96,-0.0042,"[np.float64(-0.009), np.float64(0.0008)]",0.67,0.22,1.28,0.23,0.9817,0.0002,0.0367,0.0003
gigapath-base,TCGA,blur,0.4911,0.0155,0.4949,0.0154,0.495,0.5983,-0.79,100.79,1.04,0.0072,"[np.float64(-0.0034), np.float64(0.0174)]",0.25,0.17,0.55,0.28,0.9308,0.0009,0.3043,0.0109
gigapath-base,TCGA,dust,0.4911,0.0155,0.4848,0.0161,0.4877,0.5869,1.29,98.71,1.13,-0.0063,"[np.float64(-0.0176), np.float64(0.0052)]",0.36,0.22,1.77,0.49,0.9437,0.0026,0.2053,0.0131
gigapath-base,TCGA,fold,0.4911,0.0155,0.3994,0.0109,0.4363,0.49,18.64,81.36,1.97,-0.026,"[np.float64(-0.0453), np.float64(-0.0061)]",14.89,1.22,2.9,0.62,0.648,0.0042,0.6787,0.0844
gigapath-base,TCGA,marker,0.4911,0.0155,0.4747,0.0137,0.4826,0.5499,3.3,96.7,1.78,-0.0082,"[np.float64(-0.0194), np.float64(0.0047)]",0.59,0.27,0.87,0.38,0.9336,0.0015,0.2724,0.0102
gigapath-base,TCGA,prec,0.4911,0.0155,0.3653,0.0085,0.3915,0.3994,25.56,74.44,2.34,-0.027,"[np.float64(-0.0456), np.float64(-0.0068)]",9.27,0.96,14.55,1.35,0.5712,0.0048,0.7485,0.1541
gigapath-base,TCGA,stitch,0.4911,0.0155,0.4798,0.0132,0.4841,0.5519,2.27,97.73,1.66,-0.0014,"[np.float64(-0.0097), np.float64(0.0088)]",0.0,0.0,0.43,0.25,0.988,0.0002,0.1262,0.0017
gigapath-base,ANORAK,blur,0.3745,0.0095,0.3735,0.0093,0.3676,0.5384,0.26,99.74,1.3,-0.0128,"[np.float64(-0.0189), np.float64(-0.0072)]",0.0,0.0,1.91,0.34,0.9267,0.0007,0.3013,0.01
gigapath-base,ANORAK,dust,0.3745,0.0095,0.3774,0.0096,0.3774,0.5198,-0.79,100.79,1.06,-0.0174,"[np.float64(-0.0229), np.float64(-0.0117)]",0.0,0.0,2.26,0.37,0.9226,0.0021,0.2377,0.0089
gigapath-base,ANORAK,fold,0.3745,0.0095,0.3299,0.0084,0.3299,0.4072,11.88,88.12,2.38,-0.0818,"[np.float64(-0.094), np.float64(-0.0704)]",9.73,1.07,5.63,0.6,0.661,0.0031,0.6467,0.0764
gigapath-base,ANORAK,marker,0.3745,0.0095,0.3773,0.0092,0.3758,0.5007,-0.76,100.76,1.6,-0.0145,"[np.float64(-0.0203), np.float64(-0.0077)]",0.0,0.0,0.87,0.23,0.9094,0.0015,0.3066,-0.0038
gigapath-base,ANORAK,prec,0.3745,0.0095,0.296,0.0079,0.3038,0.4079,20.93,79.07,2.22,-0.0979,"[np.float64(-0.11), np.float64(-0.084)]",4.9,0.77,13.24,0.86,0.5754,0.0032,0.7233,0.1319
gigapath-base,ANORAK,stitch,0.3745,0.0095,0.3764,0.0096,0.377,0.5197,-0.53,100.53,1.17,-0.002,"[np.float64(-0.006), np.float64(0.0017)]",0.0,0.0,0.88,0.24,0.9885,0.0001,0.1171,0.0014
gigapath-base,GLOBAL,blur,0.4981,0.0092,0.5,0.0089,0.4693,0.6737,-0.37,100.37,0.86,-0.011,"[np.float64(-0.0161), np.float64(-0.0065)]",0.13,0.1,1.47,0.27,0.928,0.0005,0.3021,0.0103
gigapath-base,GLOBAL,dust,0.4981,0.0092,0.496,0.0093,0.4702,0.652,0.43,99.57,0.79,-0.0092,"[np.float64(-0.0144), np.float64(-0.0037)]",0.18,0.11,2.11,0.3,0.9292,0.0017,0.2276,0.0103
gigapath-base,GLOBAL,fold,0.4981,0.0092,0.4176,0.0089,0.4099,0.5285,16.16,83.84,1.76,-0.0405,"[np.float64(-0.05), np.float64(-0.0298)]",12.48,0.84,4.76,0.47,0.6569,0.0025,0.6568,0.0789
gigapath-base,GLOBAL,marker,0.4981,0.0092,0.498,0.0097,0.4732,0.657,0.02,99.98,1.16,-0.0062,"[np.float64(-0.0118), np.float64(-0.0006)]",0.32,0.15,0.86,0.19,0.9169,0.0012,0.2961,0.0006
gigapath-base,GLOBAL,prec,0.4981,0.0092,0.3659,0.0076,0.3601,0.4839,26.53,73.47,1.51,-0.0531,"[np.float64(-0.0648), np.float64(-0.0417)]",7.22,0.67,13.56,0.77,0.5741,0.0026,0.7312,0.1389
gigapath-base,GLOBAL,stitch,0.4981,0.0092,0.4964,0.0093,0.4673,0.6563,0.34,99.66,0.82,-0.0004,"[np.float64(-0.0042), np.float64(0.0031)]",0.0,0.0,0.74,0.18,0.9883,0.0001,0.12,0.0015
resnet-base,TCGA,blur,0.4881,0.029,0.4237,0.0204,0.4424,0.4889,13.09,86.91,2.91,0.0326,"[np.float64(0.0152), np.float64(0.0494)]",9.73,1.06,1.05,0.39,0.903,0.0017,0.363,0.0276
resnet-base,TCGA,dust,0.4881,0.029,0.4601,0.0314,0.4757,0.4977,5.75,94.25,2.99,0.0494,"[np.float64(0.0361), np.float64(0.0625)]",10.7,1.1,1.2,0.42,0.9479,0.0021,0.2129,0.0056
resnet-base,TCGA,fold,0.4881,0.029,0.3626,0.0153,0.4115,0.4269,25.57,74.43,2.99,0.1098,"[np.float64(0.087), np.float64(0.1304)]",28.89,1.62,1.64,0.47,0.8121,0.0022,0.5202,0.033
resnet-base,TCGA,marker,0.4881,0.029,0.457,0.0313,0.4762,0.5071,6.39,93.61,2.72,0.0447,"[np.float64(0.0295), np.float64(0.0597)]",7.05,0.95,1.76,0.49,0.9356,0.0015,0.2872,0.0131
resnet-base,TCGA,prec,0.4881,0.029,0.3462,0.0272,0.3996,0.3506,28.98,71.02,4.87,0.1355,"[np.float64(0.1149), np.float64(0.1579)]",30.54,1.67,4.2,0.79,0.7842,0.0025,0.5561,0.0347
resnet-base,TCGA,stitch,0.4881,0.029,0.4952,0.0313,0.4976,0.5375,-1.44,101.44,1.35,0.0026,"[np.float64(-0.007), np.float64(0.0124)]",0.27,0.2,0.74,0.34,0.9863,0.0002,0.1433,-0.001
resnet-base,ANORAK,blur,0.3431,0.0143,0.3331,0.0143,0.3521,0.4658,2.83,97.17,4.18,-0.032,"[np.float64(-0.0394), np.float64(-0.0237)]",0.65,0.31,0.85,0.21,0.9338,0.0009,0.3498,0.0117
resnet-base,ANORAK,dust,0.3431,0.0143,0.3472,0.0162,0.3754,0.4632,-1.22,101.22,2.63,-0.0452,"[np.float64(-0.0546), np.float64(-0.0363)]",2.4,0.6,0.12,0.08,0.9556,0.0013,0.2271,0.0044
resnet-base,ANORAK,fold,0.3431,0.0143,0.3286,0.0112,0.3347,0.4366,4.14,95.86,3.41,-0.0969,"[np.float64(-0.1097), np.float64(-0.0828)]",10.55,1.22,1.88,0.34,0.8553,0.0015,0.5366,0.0293
resnet-base,ANORAK,marker,0.3431,0.0143,0.3224,0.0155,0.3471,0.4349,5.99,94.01,3.44,-0.0284,"[np.float64(-0.0371), np.float64(-0.0199)]",0.83,0.35,1.87,0.35,0.9433,0.0009,0.318,0.0141
resnet-base,ANORAK,prec,0.3431,0.0143,0.2983,0.0104,0.305,0.3687,12.94,87.06,3.82,-0.1025,"[np.float64(-0.1174), np.float64(-0.0892)]",20.05,1.64,3.28,0.44,0.8115,0.002,0.6065,0.0389
resnet-base,ANORAK,stitch,0.3431,0.0143,0.3375,0.0146,0.3691,0.4909,1.6,98.4,2.08,0.0004,"[np.float64(-0.0042), np.float64(0.0052)]",0.16,0.16,1.26,0.28,0.991,0.0001,0.1313,0.0004
resnet-base,GLOBAL,blur,0.4392,0.0094,0.4054,0.0092,0.4418,0.4611,7.67,92.33,1.99,-0.0114,"[np.float64(-0.0192), np.float64(-0.0035)]",5.57,0.62,0.9,0.19,0.9241,0.0009,0.354,0.0166
resnet-base,GLOBAL,dust,0.4392,0.0094,0.4236,0.01,0.4696,0.4852,3.54,96.46,1.4,-0.0154,"[np.float64(-0.0233), np.float64(-0.0076)]",6.86,0.66,0.44,0.13,0.9532,0.001,0.2227,0.0047
resnet-base,GLOBAL,fold,0.4392,0.0094,0.3857,0.0091,0.4108,0.4284,12.15,87.85,2.2,-0.0323,"[np.float64(-0.0426), np.float64(-0.0211)]",20.46,1.08,1.8,0.29,0.8417,0.0013,0.5316,0.0304
resnet-base,GLOBAL,marker,0.4392,0.0094,0.4035,0.009,0.4539,0.473,8.1,91.9,1.59,-0.0056,"[np.float64(-0.0129), np.float64(0.0027)]",4.16,0.58,1.84,0.28,0.9409,0.0007,0.3084,0.0135
resnet-base,GLOBAL,prec,0.4392,0.0094,0.3543,0.0094,0.3798,0.3823,19.31,80.69,2.1,-0.0281,"[np.float64(-0.041), np.float64(-0.0161)]",25.62,1.18,3.55,0.38,0.8029,0.0015,0.5908,0.0376
resnet-base,GLOBAL,stitch,0.4392,0.0094,0.4295,0.0092,0.4676,0.5069,2.19,97.81,1.08,0.0009,"[np.float64(-0.0037), np.float64(0.0057)]",0.22,0.13,1.13,0.23,0.9896,0.0001,0.1351,0.0
swin-base,TCGA,blur,0.512,0.0297,0.5166,0.0309,0.5162,0.5876,-0.98,100.98,4.07,-0.007,"[np.float64(-0.0182), np.float64(0.004)]",0.93,0.34,0.45,0.25,0.9577,0.0008,0.143,-0.0031
swin-base,TCGA,dust,0.512,0.0297,0.4813,0.0272,0.4925,0.5641,5.94,94.06,2.64,0.0205,"[np.float64(0.0065), np.float64(0.0334)]",5.74,0.87,0.0,0.0,0.9051,0.0036,0.1715,0.0036
swin-base,TCGA,fold,0.512,0.0297,0.4386,0.0237,0.4439,0.5292,14.25,85.75,3.21,0.0331,"[np.float64(0.0138), np.float64(0.0511)]",12.7,1.24,3.14,0.64,0.7117,0.0043,0.3744,0.0235
swin-base,TCGA,marker,0.512,0.0297,0.4841,0.0265,0.4941,0.5724,5.39,94.61,1.97,0.0152,"[np.float64(0.0024), np.float64(0.0284)]",2.52,0.57,1.2,0.43,0.9061,0.0021,0.2077,0.0003
swin-base,TCGA,prec,0.512,0.0297,0.3899,0.0267,0.416,0.3997,23.69,76.31,5.42,0.0456,"[np.float64(0.024), np.float64(0.067)]",15.68,1.27,11.01,1.19,0.6366,0.0056,0.4242,0.0769
swin-base,TCGA,stitch,0.512,0.0297,0.5029,0.0276,0.5061,0.5769,1.7,98.3,3.03,0.0005,"[np.float64(-0.0083), np.float64(0.0091)]",0.41,0.24,0.74,0.32,0.9839,0.0003,0.0929,-0.0017
swin-base,ANORAK,blur,0.3284,0.0096,0.3341,0.0106,0.3695,0.4634,-1.76,101.76,2.06,-0.0053,"[np.float64(-0.0116), np.float64(0.0004)]",0.31,0.22,0.61,0.2,0.9551,0.0007,0.1371,-0.0028
swin-base,ANORAK,dust,0.3284,0.0096,0.332,0.0103,0.3627,0.472,-1.12,101.12,1.65,-0.0314,"[np.float64(-0.0389), np.float64(-0.024)]",2.09,0.55,0.41,0.17,0.8975,0.0023,0.1746,0.0049
swin-base,ANORAK,fold,0.3284,0.0096,0.3043,0.0099,0.3263,0.4393,7.31,92.69,2.7,-0.0624,"[np.float64(-0.0745), np.float64(-0.05)]",7.7,1.06,2.29,0.4,0.7137,0.0033,0.3546,0.0243
swin-base,ANORAK,marker,0.3284,0.0096,0.31,0.0089,0.352,0.4257,5.57,94.43,2.09,-0.0198,"[np.float64(-0.0272), np.float64(-0.0123)]",0.61,0.29,1.01,0.26,0.88,0.0016,0.2244,0.0082
swin-base,ANORAK,prec,0.3284,0.0096,0.2782,0.0094,0.3143,0.3619,15.24,84.76,2.84,-0.0812,"[np.float64(-0.0935), np.float64(-0.0682)]",11.19,1.29,5.47,0.59,0.6121,0.0042,0.4238,0.057
swin-base,ANORAK,stitch,0.3284,0.0096,0.3282,0.0098,0.3502,0.4863,0.05,99.95,1.04,-0.0019,"[np.float64(-0.0065), np.float64(0.0024)]",0.0,0.0,1.29,0.29,0.9838,0.0002,0.084,0.0004
swin-base,GLOBAL,blur,0.4331,0.0093,0.4466,0.0098,0.4734,0.5369,-3.12,103.12,1.3,-0.0061,"[np.float64(-0.0114), np.float64(-0.0011)]",0.64,0.2,0.57,0.15,0.9559,0.0005,0.1389,-0.0029
swin-base,GLOBAL,dust,0.4331,0.0093,0.4335,0.01,0.4611,0.5182,-0.09,100.09,1.18,-0.0154,"[np.float64(-0.0217), np.float64(-0.0079)]",4.02,0.51,0.28,0.11,0.8998,0.002,0.1736,0.0045
swin-base,GLOBAL,fold,0.4331,0.0093,0.3972,0.0091,0.4173,0.4483,8.28,91.72,1.97,-0.0319,"[np.float64(-0.0412), np.float64(-0.0227)]",10.33,0.8,2.56,0.34,0.713,0.0028,0.3609,0.024
swin-base,GLOBAL,marker,0.4331,0.0093,0.4177,0.0097,0.4539,0.5004,3.55,96.45,1.46,-0.009,"[np.float64(-0.0155), np.float64(-0.002)]",1.59,0.35,1.08,0.22,0.8882,0.0013,0.2192,0.0057
swin-base,GLOBAL,prec,0.4331,0.0093,0.3596,0.0088,0.3871,0.4236,16.95,83.05,2.06,-0.0415,"[np.float64(-0.0532), np.float64(-0.03)]",13.51,0.89,7.22,0.59,0.6199,0.0033,0.4238,0.0632
swin-base,GLOBAL,stitch,0.4331,0.0093,0.4318,0.0095,0.4469,0.5381,0.31,99.69,0.82,-0.0011,"[np.float64(-0.0048), np.float64(0.0031)]",0.21,0.12,1.14,0.22,0.9838,0.0002,0.0868,-0.0003
uni-base,TCGA,blur,0.5077,0.0182,0.4963,0.016,0.5044,0.5903,2.24,97.76,1.31,-0.0073,"[np.float64(-0.02), np.float64(0.0054)]",0.25,0.18,0.42,0.25,0.9574,0.0007,0.3358,0.0004
uni-base,TCGA,dust,0.5077,0.0182,0.5068,0.0205,0.5096,0.5874,0.19,99.81,1.61,-0.0081,"[np.float64(-0.0194), np.float64(0.0031)]",0.48,0.24,0.29,0.19,0.9509,0.002,0.2936,0.0022
uni-base,TCGA,fold,0.5077,0.0182,0.4126,0.0105,0.4497,0.4935,18.67,81.33,2.28,-0.0385,"[np.float64(-0.0585), np.float64(-0.0178)]",13.61,1.17,1.59,0.47,0.6489,0.0042,0.9807,0.0305
uni-base,TCGA,marker,0.5077,0.0182,0.4957,0.017,0.5003,0.5912,2.36,97.64,1.49,-0.0221,"[np.float64(-0.0332), np.float64(-0.0103)]",0.37,0.21,0.86,0.35,0.9357,0.0014,0.3878,0.0007
uni-base,TCGA,prec,0.5077,0.0182,0.3786,0.009,0.4061,0.4098,25.37,74.63,2.66,-0.0407,"[np.float64(-0.0598), np.float64(-0.0202)]",11.09,1.12,9.23,1.09,0.5715,0.0048,1.0872,0.0797
uni-base,TCGA,stitch,0.5077,0.0182,0.5075,0.0182,0.5106,0.5945,0.04,99.96,1.2,0.0022,"[np.float64(-0.0063), np.float64(0.0125)]",0.12,0.12,0.88,0.34,0.9896,0.0003,0.162,0.0028
uni-base,ANORAK,blur,0.4109,0.012,0.4151,0.0126,0.4317,0.6676,-1.05,101.05,1.23,-0.0004,"[np.float64(-0.0043), np.float64(0.0035)]",0.14,0.14,0.94,0.23,0.9655,0.0004,0.3044,0.0004
uni-base,ANORAK,dust,0.4109,0.012,0.4074,0.0124,0.4237,0.6587,0.84,99.16,1.33,-0.0033,"[np.float64(-0.0077), np.float64(0.0015)]",0.0,0.0,2.1,0.36,0.9473,0.0015,0.3038,0.0056
uni-base,ANORAK,fold,0.4109,0.012,0.3769,0.0121,0.3789,0.5634,8.24,91.76,2.55,-0.0525,"[np.float64(-0.0626), np.float64(-0.0421)]",9.57,1.11,2.61,0.38,0.6819,0.0029,0.9386,0.0408
uni-base,ANORAK,marker,0.4109,0.012,0.4065,0.0127,0.4236,0.6408,1.06,98.94,1.65,0.0008,"[np.float64(-0.0046), np.float64(0.0063)]",0.14,0.14,2.04,0.36,0.9182,0.0013,0.4388,0.006
uni-base,ANORAK,prec,0.4109,0.012,0.3458,0.0113,0.3457,0.4959,15.78,84.22,2.79,-0.0792,"[np.float64(-0.0922), np.float64(-0.0671)]",8.53,1.03,4.76,0.54,0.5946,0.0031,1.0655,0.08
uni-base,ANORAK,stitch,0.4109,0.012,0.4144,0.0123,0.4257,0.6788,-0.87,100.87,0.92,-0.0027,"[np.float64(-0.0058), np.float64(0.0002)]",0.14,0.14,0.32,0.14,0.9918,0.0001,0.1472,0.0002
uni-base,GLOBAL,blur,0.5174,0.01,0.5108,0.0098,0.5075,0.6443,1.28,98.72,0.84,0.0052,"[np.float64(0.001), np.float64(0.0094)]",0.19,0.11,0.79,0.19,0.963,0.0003,0.3142,0.0004
uni-base,GLOBAL,dust,0.5174,0.01,0.508,0.0098,0.5105,0.6372,1.81,98.19,0.93,0.0017,"[np.float64(-0.0031), np.float64(0.0062)]",0.25,0.12,1.55,0.26,0.9484,0.0012,0.3006,0.0046
uni-base,GLOBAL,fold,0.5174,0.01,0.4473,0.0095,0.4552,0.5543,13.54,86.46,1.69,-0.0086,"[np.float64(-0.0187), np.float64(0.0014)]",11.62,0.79,2.26,0.31,0.6715,0.0025,0.9519,0.0377
uni-base,GLOBAL,marker,0.5174,0.01,0.5014,0.0096,0.5031,0.6247,3.09,96.91,1.07,0.0081,"[np.float64(0.0028), np.float64(0.0128)]",0.25,0.13,1.69,0.26,0.9236,0.001,0.423,0.0044
uni-base,GLOBAL,prec,0.5174,0.01,0.413,0.0092,0.415,0.5082,20.17,79.83,1.72,-0.0291,"[np.float64(-0.0394), np.float64(-0.0186)]",9.81,0.81,6.12,0.49,0.5874,0.0025,1.0721,0.0799
uni-base,GLOBAL,stitch,0.5174,0.01,0.5187,0.0099,0.5102,0.6468,-0.25,100.25,0.73,-0.0015,"[np.float64(-0.005), np.float64(0.002)]",0.12,0.09,0.49,0.14,0.9911,0.0001,0.1518,0.001
virchow2-base,TCGA,blur,0.4985,0.0234,0.4917,0.023,0.5111,0.584,1.35,98.65,1.24,-0.0167,"[np.float64(-0.026), np.float64(-0.0069)]",0.0,0.0,0.15,0.15,0.9653,0.0007,0.2183,-0.0106
virchow2-base,TCGA,dust,0.4985,0.0234,0.4868,0.0228,0.506,0.5755,2.33,97.67,1.51,-0.0091,"[np.float64(-0.0166), np.float64(-0.0012)]",0.54,0.26,0.0,0.0,0.9654,0.0017,0.1676,0.0038
virchow2-base,TCGA,fold,0.4985,0.0234,0.4517,0.0224,0.4744,0.5629,9.35,90.65,2.43,-0.0246,"[np.float64(-0.0439), np.float64(-0.0041)]",12.29,1.15,0.75,0.35,0.6537,0.0055,0.7019,0.0051
virchow2-base,TCGA,marker,0.4985,0.0234,0.4906,0.0219,0.5072,0.5868,1.56,98.44,1.34,-0.0077,"[np.float64(-0.0166), np.float64(0.0003)]",0.0,0.0,0.15,0.15,0.9672,0.0008,0.2087,-0.0052
virchow2-base,TCGA,prec,0.4985,0.0234,0.4248,0.0174,0.4497,0.4882,14.69,85.31,3.37,-0.0122,"[np.float64(-0.0319), np.float64(0.0074)]",13.83,1.31,1.5,0.45,0.6213,0.006,0.7301,0.033
virchow2-base,TCGA,stitch,0.4985,0.0234,0.4974,0.0227,0.5103,0.5895,0.21,99.79,0.78,0.0028,"[np.float64(-0.0045), np.float64(0.0085)]",0.0,0.0,0.15,0.15,0.997,0.0001,0.0659,-0.0002
virchow2-base,ANORAK,blur,0.4118,0.0122,0.4113,0.0126,0.4314,0.6485,0.1,99.9,1.32,0.0002,"[np.float64(-0.003), np.float64(0.0035)]",0.0,0.0,0.2,0.12,0.9653,0.0005,0.2127,-0.002
virchow2-base,ANORAK,dust,0.4118,0.0122,0.4258,0.012,0.4386,0.6587,-3.44,103.44,1.43,-0.0167,"[np.float64(-0.0206), np.float64(-0.0126)]",0.14,0.14,0.2,0.11,0.9602,0.0012,0.185,0.0116
virchow2-base,ANORAK,fold,0.4118,0.0122,0.3834,0.0114,0.4008,0.5662,6.86,93.14,2.37,-0.0424,"[np.float64(-0.0523), np.float64(-0.0319)]",7.67,0.97,0.51,0.19,0.6887,0.0034,0.6591,0.0484
virchow2-base,ANORAK,marker,0.4118,0.0122,0.4291,0.0119,0.4295,0.6751,-4.22,104.22,1.62,-0.0105,"[np.float64(-0.0151), np.float64(-0.0064)]",0.14,0.13,0.32,0.14,0.9575,0.0007,0.2404,0.0071
virchow2-base,ANORAK,prec,0.4118,0.0122,0.3805,0.0125,0.3941,0.5387,7.56,92.44,2.75,-0.093,"[np.float64(-0.1045), np.float64(-0.081)]",9.46,1.06,1.92,0.33,0.6226,0.004,0.7233,0.0817
virchow2-base,ANORAK,stitch,0.4118,0.0122,0.4103,0.0123,0.4264,0.644,0.36,99.64,0.97,-0.0007,"[np.float64(-0.0027), np.float64(0.0015)]",0.0,0.0,0.13,0.09,0.9965,0.0001,0.0685,0.001
virchow2-base,GLOBAL,blur,0.4917,0.0102,0.4854,0.0102,0.5051,0.6351,1.28,98.72,1.04,0.0056,"[np.float64(0.0019), np.float64(0.0092)]",0.0,0.0,0.18,0.09,0.9653,0.0005,0.2143,-0.0046
virchow2-base,GLOBAL,dust,0.4917,0.0102,0.4972,0.0099,0.5107,0.646,-1.13,101.13,1.15,-0.0085,"[np.float64(-0.0124), np.float64(-0.0046)]",0.33,0.16,0.13,0.07,0.9618,0.0011,0.1795,0.0092
virchow2-base,GLOBAL,fold,0.4917,0.0102,0.4715,0.0102,0.4951,0.5782,4.09,95.91,1.96,-0.0178,"[np.float64(-0.0274), np.float64(-0.0085)]",9.94,0.78,0.56,0.16,0.6778,0.0031,0.6724,0.0348
virchow2-base,GLOBAL,marker,0.4917,0.0102,0.5038,0.0098,0.5084,0.6588,-2.47,102.47,1.23,-0.0047,"[np.float64(-0.0087), np.float64(-0.0006)]",0.07,0.07,0.27,0.11,0.9605,0.0005,0.2306,0.0033
virchow2-base,GLOBAL,prec,0.4917,0.0102,0.4633,0.01,0.4793,0.5568,5.75,94.25,2.01,-0.048,"[np.float64(-0.059), np.float64(-0.037)]",11.65,0.86,1.79,0.3,0.6222,0.0034,0.7253,0.0667
virchow2-base,GLOBAL,stitch,0.4917,0.0102,0.492,0.0105,0.5038,0.6375,-0.07,100.07,0.71,-0.0015,"[np.float64(-0.0038), np.float64(0.0008)]",0.0,0.0,0.13,0.07,0.9967,0.0,0.0677,0.0006
vit-base,TCGA,blur,0.457,0.0062,0.4636,0.0316,0.4811,0.4982,-1.46,101.46,6.88,0.0506,"[np.float64(0.0375), np.float64(0.0644)]",5.93,0.83,1.85,0.49,0.9086,0.002,0.2679,0.0197
vit-base,TCGA,dust,0.457,0.0062,0.4151,0.0072,0.4478,0.407,9.16,90.84,1.03,0.0545,"[np.float64(0.0413), np.float64(0.0684)]",12.72,1.25,0.14,0.14,0.8743,0.0044,0.2752,0.0178
vit-base,TCGA,fold,0.457,0.0062,0.3352,0.0125,0.3996,0.4091,26.64,73.36,2.69,0.1598,"[np.float64(0.1385), np.float64(0.1832)]",32.7,1.65,1.25,0.41,0.623,0.0057,0.5681,0.0464
vit-base,TCGA,marker,0.457,0.0062,0.4481,0.0243,0.4674,0.4964,1.93,98.07,5.35,0.0546,"[np.float64(0.0398), np.float64(0.0694)]",11.83,1.11,0.85,0.33,0.8225,0.0036,0.3776,0.0274
vit-base,TCGA,prec,0.457,0.0062,0.2958,0.0081,0.3737,0.2839,35.26,64.74,1.7,0.2003,"[np.float64(0.1781), np.float64(0.2209)]",38.31,1.69,2.74,0.61,0.574,0.0065,0.603,0.04
vit-base,TCGA,stitch,0.457,0.0062,0.4512,0.0061,0.4676,0.451,1.25,98.75,0.76,0.0053,"[np.float64(-0.0051), np.float64(0.0143)]",0.74,0.31,0.28,0.19,0.9761,0.0005,0.1379,-0.0007
vit-base,ANORAK,blur,0.3779,0.0184,0.3666,0.0167,0.3706,0.5011,2.94,97.06,2.74,-0.0244,"[np.float64(-0.0302), np.float64(-0.0185)]",0.74,0.33,0.3,0.14,0.9226,0.0012,0.2404,0.0058
vit-base,ANORAK,dust,0.3779,0.0184,0.3833,0.0187,0.3854,0.5093,-1.46,101.46,2.61,-0.0456,"[np.float64(-0.0545), np.float64(-0.0373)]",6.73,0.97,0.37,0.15,0.8783,0.0026,0.27,0.0092
vit-base,ANORAK,fold,0.3779,0.0184,0.35,0.0168,0.3521,0.428,7.28,92.72,4.04,-0.0751,"[np.float64(-0.0884), np.float64(-0.061)]",23.92,1.6,1.51,0.3,0.6745,0.0037,0.5191,0.0263
vit-base,ANORAK,marker,0.3779,0.0184,0.3633,0.0182,0.3689,0.4772,3.81,96.19,3.18,-0.0448,"[np.float64(-0.0539), np.float64(-0.0365)]",5.82,0.87,0.42,0.16,0.8344,0.0021,0.3661,0.0153
vit-base,ANORAK,prec,0.3779,0.0184,0.336,0.0157,0.3282,0.4244,10.99,89.01,3.82,-0.108,"[np.float64(-0.1234), np.float64(-0.093)]",31.21,1.74,1.99,0.35,0.581,0.0044,0.5929,0.0229
vit-base,ANORAK,stitch,0.3779,0.0184,0.3771,0.0176,0.3855,0.5352,0.17,99.83,2.66,-0.0035,"[np.float64(-0.0083), np.float64(0.0014)]",0.0,0.0,0.91,0.24,0.9807,0.0003,0.1234,0.0004
vit-base,GLOBAL,blur,0.4578,0.01,0.4356,0.0099,0.468,0.5065,4.84,95.16,1.43,-0.0006,"[np.float64(-0.0071), np.float64(0.0054)]",3.58,0.49,0.76,0.17,0.9182,0.0011,0.2489,0.0102
vit-base,GLOBAL,dust,0.4578,0.01,0.4443,0.01,0.4773,0.5108,2.93,97.07,1.43,-0.0143,"[np.float64(-0.0222), np.float64(-0.0062)]",9.92,0.75,0.3,0.11,0.8771,0.0022,0.2716,0.0117
vit-base,GLOBAL,fold,0.4578,0.01,0.3869,0.0096,0.4325,0.4326,15.47,84.53,1.99,-0.0012,"[np.float64(-0.0128), np.float64(0.0115)]",28.65,1.2,1.44,0.24,0.6582,0.0032,0.5345,0.0324
vit-base,GLOBAL,marker,0.4578,0.01,0.4313,0.0097,0.4629,0.4884,5.77,94.23,1.37,-0.0133,"[np.float64(-0.0214), np.float64(-0.0055)]",9.03,0.79,0.55,0.15,0.8306,0.0017,0.3698,0.0191
vit-base,GLOBAL,prec,0.4578,0.01,0.3653,0.0103,0.3982,0.3951,20.19,79.81,2.35,-0.0115,"[np.float64(-0.0247), np.float64(0.0011)]",34.95,1.31,2.23,0.31,0.5788,0.0036,0.5961,0.0283
vit-base,GLOBAL,stitch,0.4578,0.01,0.4558,0.01,0.4846,0.5347,0.42,99.58,1.01,-0.0005,"[np.float64(-0.0049), np.float64(0.0041)]",0.41,0.17,0.73,0.17,0.9792,0.0002,0.1279,0.0
